<?xml version="1.0" encoding="utf-8"?><feed xmlns="http://www.w3.org/2005/Atom" xml:lang="en_us"><generator uri="https://jekyllrb.com/" version="4.2.0">Jekyll</generator><link href="/feed.xml" rel="self" type="application/atom+xml" /><link href="/" rel="alternate" type="text/html" hreflang="en_us" /><updated>2021-07-15T14:02:06+00:00</updated><id>/feed.xml</id><title type="html">Noor</title><author><name>Sal</name></author><entry><title type="html">Welcome</title><link href="/welcome/" rel="alternate" type="text/html" title="Welcome" /><published>2021-07-14T00:00:00+00:00</published><updated>2021-07-14T00:00:00+00:00</updated><id>/welcome</id><content type="html" xml:base="/welcome/">&lt;p&gt;Just Landed a new website.&lt;/p&gt;</content><author><name>noor</name></author><category term="Jekyll" /><category term="tutorial" /><summary type="html">Just Landed a new website.</summary><media:thumbnail xmlns:media="http://search.yahoo.com/mrss/" url="/assets/images/5.jpg" /><media:content medium="image" url="/assets/images/5.jpg" xmlns:media="http://search.yahoo.com/mrss/" /></entry><entry><title type="html">Get Cpanel</title><link href="/cpanel/" rel="alternate" type="text/html" title="Get Cpanel" /><published>2021-07-14T00:00:00+00:00</published><updated>2021-07-14T00:00:00+00:00</updated><id>/cpanel</id><content type="html" xml:base="/cpanel/">&lt;p&gt;make your own cpanel for free.&lt;/p&gt;</content><author><name>noor</name></author><category term="Jekyll" /><category term="tutorial" /><summary type="html">make your own cpanel for free.</summary><media:thumbnail xmlns:media="http://search.yahoo.com/mrss/" url="/assets/images/1.jpg" /><media:content medium="image" url="/assets/images/1.jpg" xmlns:media="http://search.yahoo.com/mrss/" /></entry><entry><title type="html">Get Top Level Domain</title><link href="/domain/" rel="alternate" type="text/html" title="Get Top Level Domain" /><published>2021-07-14T00:00:00+00:00</published><updated>2021-07-14T00:00:00+00:00</updated><id>/domain</id><content type="html" xml:base="/domain/">&lt;p&gt;Get your own domain for free.&lt;/p&gt;</content><author><name>noor</name></author><category term="Jekyll" /><category term="tutorial" /><summary type="html">Get your own domain for free.</summary><media:thumbnail xmlns:media="http://search.yahoo.com/mrss/" url="/assets/images/3.jpg" /><media:content medium="image" url="/assets/images/3.jpg" xmlns:media="http://search.yahoo.com/mrss/" /></entry><entry><title type="html">Host Anything</title><link href="/host/" rel="alternate" type="text/html" title="Host Anything" /><published>2021-07-14T00:00:00+00:00</published><updated>2021-07-14T00:00:00+00:00</updated><id>/host</id><content type="html" xml:base="/host/">&lt;p&gt;Host anything for free.&lt;/p&gt;</content><author><name>noor</name></author><category term="Jekyll" /><category term="tutorial" /><summary type="html">Host anything for free.</summary><media:thumbnail xmlns:media="http://search.yahoo.com/mrss/" url="/assets/images/2.jpg" /><media:content medium="image" url="/assets/images/2.jpg" xmlns:media="http://search.yahoo.com/mrss/" /></entry><entry><title type="html">Free Vps</title><link href="/vps/" rel="alternate" type="text/html" title="Free Vps" /><published>2021-07-14T00:00:00+00:00</published><updated>2021-07-14T00:00:00+00:00</updated><id>/vps</id><content type="html" xml:base="/vps/">&lt;p&gt;Get your own server for free.&lt;/p&gt;</content><author><name>noor</name></author><category term="Jekyll" /><category term="tutorial" /><summary type="html">Get your own server for free.</summary><media:thumbnail xmlns:media="http://search.yahoo.com/mrss/" url="/assets/images/4.jpg" /><media:content medium="image" url="/assets/images/4.jpg" xmlns:media="http://search.yahoo.com/mrss/" /></entry></feed>